{
  "legend": "Легенда",
  "rotateChart": "Завъртане на диаграма",
  "filterBySelection": "Филтриране по избор",
  "filterByExtent": "Филтриране по обхват",
  "selection": "Избор",
  "zoom": "Мащабиране",
  "fullExtent": "Цял обхват",
  "clearSelection": "Изчистване на избора",
  "switchSelection": "Превключване на избор",
  "expand": "Разгъване",
  "collapse": "Сгъване"
}
